Module,Tension Member Design - Bolted to End Gusset,section_size.designation,MC 100
Member.Profile,Channels,Member.tension_yielding,275.0
Conn_Location,Web,Member.tension_rupture,303.6
Member.Designation,"['MC 75', 'MC 100', 'MC 125', 'MC 125*', 'MC 150', 'MC 150*', 'MC 175', 'MC 175*', 'MC 200', 'MC 200*', 'MC 225', 'MC 225*', 'MC 250', 'MC 250*', 'MC 250*', 'MC 300', 'MC 300*', 'MC 300*', 'MC 350', 'MC 400', 'JC 100', 'JC 125', 'JC 150', 'JC 175', 'JC 200', 'LC 75', 'LC 100', 'LC 125', 'LC (P) 125', 'LC 150', 'LC (P) 150', 'LC 175', 'LC 200', 'LC (P) 200', 'LC 225', 'LC 250', 'LC 300', 'LC (P) 300', 'LC 350', 'LC 400', 'MPC 75', 'MPC 100', 'MPC 125', 'MPC 125*', 'MPC 150', 'MPC 150*', 'MPC 175', 'MPC 175*', 'MPC 200', 'MPC 200*', 'MPC 225', 'MPC 225*', 'MPC 250', 'MPC 250*', 'MPC 250*', 'MPC 300', 'MPC 300*', 'MPC 300*', 'MPC 350', 'MPC 400']",Member.tension_blockshear,264.18
Material,E 250 (Fe 410 W)A,Member.tension_capacity,264.18
Member.Length,2857.14,Member.Slenderness,194.36
Load.Axial,243,Member.efficiency,0.92
Bolt.Diameter,"['8', '10', '12', '16', '20', '24', '30', '36', '42', '48', '56', '64', '14', '18', '22', '27', '33', '39', '45', '52', '60']",Bolt.Diameter,10
Bolt.Type,Bearing Bolt,Bolt.Grade_Provided,8.8
Bolt.Grade,"['3.6', '4.6', '4.8', '5.6', '5.8', '6.8', '8.8', '9.8', '10.9', '12.9']",Bolt.Shear,21.43
Connector.Plate.Thickness_List,"['8', '10', '12', '14', '16', '18', '20', '22', '25', '28', '32', '36', '40', '45', '50', '56', '63', '75', '80', '90', '100', '110', '120']",Bolt.Bearing,23.78
Member.Material,E 250 (Fe 410 W)A,bolt.long_joint,0.98
Bolt.TensionType,Pretensioned,bolt.large_grip,1.0
Bolt.Bolt_Hole_Type,Standard,Bolt.Capacity,21.0
Bolt.Slip_Factor,0.3,Bolt.Force (kN),13.5
Detailing.Edge_type,Sheared or hand flame cut,Bolt.OneLine,2
Detailing.Gap,0,Bolt.Line,9
Detailing.Corrosive_Influences,No,Bolt.Pitch,25
Design.Design_Method,Limit State Design,Bolt.EndDist,20
Connector.Material,E 250 (Fe 410 W)A,Bolt.Gauge,30
out_titles_status,"[1, 1, 1, 1, 0, 0, 0, 0]",Bolt.EdgeDist,18.3
,,Plate.Thickness,12
,,Plate.Height,130
,,Plate.Length,240
,,Plate.Yield,272.73
,,Plate.Rupture,283.39
,,Plate.BlockShear,453.38
,,Plate.Capacity,272.73
,,Intermittent.Connection,0
,,Intermittent.Spacing,0.0
,,Bolt.InterDiameter,0
,,Bolt.InterGrade,0.0
,,Bolt.InterLine,0.0
,,Bolt.InterOneLine,0.0
,,Plate.InterHeight,0
,,Plate.InterLength,0
